--
-- PostgreSQL database dump
--

-- Dumped from database version 16.0
-- Dumped by pg_dump version 16.0

SET statement_timeout = 0;
SET lock_timeout = 0;
SET idle_in_transaction_session_timeout = 0;
SET client_encoding = 'UTF8';
SET standard_conforming_strings = on;
SELECT pg_catalog.set_config('search_path', '', false);
SET check_function_bodies = false;
SET xmloption = content;
SET client_min_messages = warning;
SET row_security = off;

SET default_tablespace = '';

SET default_table_access_method = heap;

--
-- Name: auth_group; Type: TABLE; Schema: public; Owner: postgres
--

CREATE TABLE public.auth_group (
    id integer NOT NULL,
    name character varying(150) NOT NULL
);


ALTER TABLE public.auth_group OWNER TO postgres;

--
-- Name: auth_group_id_seq; Type: SEQUENCE; Schema: public; Owner: postgres
--

ALTER TABLE public.auth_group ALTER COLUMN id ADD GENERATED BY DEFAULT AS IDENTITY (
    SEQUENCE NAME public.auth_group_id_seq
    START WITH 1
    INCREMENT BY 1
    NO MINVALUE
    NO MAXVALUE
    CACHE 1
);


--
-- Name: auth_group_permissions; Type: TABLE; Schema: public; Owner: postgres
--

CREATE TABLE public.auth_group_permissions (
    id bigint NOT NULL,
    group_id integer NOT NULL,
    permission_id integer NOT NULL
);


ALTER TABLE public.auth_group_permissions OWNER TO postgres;

--
-- Name: auth_group_permissions_id_seq; Type: SEQUENCE; Schema: public; Owner: postgres
--

ALTER TABLE public.auth_group_permissions ALTER COLUMN id ADD GENERATED BY DEFAULT AS IDENTITY (
    SEQUENCE NAME public.auth_group_permissions_id_seq
    START WITH 1
    INCREMENT BY 1
    NO MINVALUE
    NO MAXVALUE
    CACHE 1
);


--
-- Name: auth_permission; Type: TABLE; Schema: public; Owner: postgres
--

CREATE TABLE public.auth_permission (
    id integer NOT NULL,
    name character varying(255) NOT NULL,
    content_type_id integer NOT NULL,
    codename character varying(100) NOT NULL
);


ALTER TABLE public.auth_permission OWNER TO postgres;

--
-- Name: auth_permission_id_seq; Type: SEQUENCE; Schema: public; Owner: postgres
--

ALTER TABLE public.auth_permission ALTER COLUMN id ADD GENERATED BY DEFAULT AS IDENTITY (
    SEQUENCE NAME public.auth_permission_id_seq
    START WITH 1
    INCREMENT BY 1
    NO MINVALUE
    NO MAXVALUE
    CACHE 1
);


--
-- Name: auth_user; Type: TABLE; Schema: public; Owner: postgres
--

CREATE TABLE public.auth_user (
    id integer NOT NULL,
    password character varying(128) NOT NULL,
    last_login timestamp with time zone,
    is_superuser boolean NOT NULL,
    username character varying(150) NOT NULL,
    first_name character varying(150) NOT NULL,
    last_name character varying(150) NOT NULL,
    email character varying(254) NOT NULL,
    is_staff boolean NOT NULL,
    is_active boolean NOT NULL,
    date_joined timestamp with time zone NOT NULL
);


ALTER TABLE public.auth_user OWNER TO postgres;

--
-- Name: auth_user_groups; Type: TABLE; Schema: public; Owner: postgres
--

CREATE TABLE public.auth_user_groups (
    id bigint NOT NULL,
    user_id integer NOT NULL,
    group_id integer NOT NULL
);


ALTER TABLE public.auth_user_groups OWNER TO postgres;

--
-- Name: auth_user_groups_id_seq; Type: SEQUENCE; Schema: public; Owner: postgres
--

ALTER TABLE public.auth_user_groups ALTER COLUMN id ADD GENERATED BY DEFAULT AS IDENTITY (
    SEQUENCE NAME public.auth_user_groups_id_seq
    START WITH 1
    INCREMENT BY 1
    NO MINVALUE
    NO MAXVALUE
    CACHE 1
);


--
-- Name: auth_user_id_seq; Type: SEQUENCE; Schema: public; Owner: postgres
--

ALTER TABLE public.auth_user ALTER COLUMN id ADD GENERATED BY DEFAULT AS IDENTITY (
    SEQUENCE NAME public.auth_user_id_seq
    START WITH 1
    INCREMENT BY 1
    NO MINVALUE
    NO MAXVALUE
    CACHE 1
);


--
-- Name: auth_user_user_permissions; Type: TABLE; Schema: public; Owner: postgres
--

CREATE TABLE public.auth_user_user_permissions (
    id bigint NOT NULL,
    user_id integer NOT NULL,
    permission_id integer NOT NULL
);


ALTER TABLE public.auth_user_user_permissions OWNER TO postgres;

--
-- Name: auth_user_user_permissions_id_seq; Type: SEQUENCE; Schema: public; Owner: postgres
--

ALTER TABLE public.auth_user_user_permissions ALTER COLUMN id ADD GENERATED BY DEFAULT AS IDENTITY (
    SEQUENCE NAME public.auth_user_user_permissions_id_seq
    START WITH 1
    INCREMENT BY 1
    NO MINVALUE
    NO MAXVALUE
    CACHE 1
);


--
-- Name: comments; Type: TABLE; Schema: public; Owner: postgres
--

CREATE TABLE public.comments (
    comment_id character varying(20) NOT NULL,
    student_id character varying(20) NOT NULL,
    id_commented_resource character varying(20) NOT NULL,
    comment_text character varying(500) NOT NULL
);


ALTER TABLE public.comments OWNER TO postgres;

--
-- Name: course; Type: TABLE; Schema: public; Owner: postgres
--

CREATE TABLE public.course (
    course_id character varying(20) NOT NULL,
    course_title character varying(100) NOT NULL,
    course_description character varying(250) NOT NULL,
    course_level character varying(4) NOT NULL,
    course_start_date date NOT NULL,
    course_weeks_nbr smallint NOT NULL,
    course_sessions_nbr smallint NOT NULL,
    course_price money NOT NULL,
    course_score_threshold numeric NOT NULL,
    course_exam_exercises_link character varying(100),
    course_exam_correction_link character varying(100),
    project_content_link character varying(100),
    form_link character varying(100)
);


ALTER TABLE public.course OWNER TO postgres;

--
-- Name: course_price_changes; Type: TABLE; Schema: public; Owner: postgres
--

CREATE TABLE public.course_price_changes (
    course_price_change_id character varying(20) NOT NULL,
    course_id character varying(20) NOT NULL,
    change_percentage numeric NOT NULL,
    start_date date NOT NULL,
    end_date date
);


ALTER TABLE public.course_price_changes OWNER TO postgres;

--
-- Name: django_admin_log; Type: TABLE; Schema: public; Owner: postgres
--

CREATE TABLE public.django_admin_log (
    id integer NOT NULL,
    action_time timestamp with time zone NOT NULL,
    object_id text,
    object_repr character varying(200) NOT NULL,
    action_flag smallint NOT NULL,
    change_message text NOT NULL,
    content_type_id integer,
    user_id integer NOT NULL,
    CONSTRAINT django_admin_log_action_flag_check CHECK ((action_flag >= 0))
);


ALTER TABLE public.django_admin_log OWNER TO postgres;

--
-- Name: django_admin_log_id_seq; Type: SEQUENCE; Schema: public; Owner: postgres
--

ALTER TABLE public.django_admin_log ALTER COLUMN id ADD GENERATED BY DEFAULT AS IDENTITY (
    SEQUENCE NAME public.django_admin_log_id_seq
    START WITH 1
    INCREMENT BY 1
    NO MINVALUE
    NO MAXVALUE
    CACHE 1
);


--
-- Name: django_content_type; Type: TABLE; Schema: public; Owner: postgres
--

CREATE TABLE public.django_content_type (
    id integer NOT NULL,
    app_label character varying(100) NOT NULL,
    model character varying(100) NOT NULL
);


ALTER TABLE public.django_content_type OWNER TO postgres;

--
-- Name: django_content_type_id_seq; Type: SEQUENCE; Schema: public; Owner: postgres
--

ALTER TABLE public.django_content_type ALTER COLUMN id ADD GENERATED BY DEFAULT AS IDENTITY (
    SEQUENCE NAME public.django_content_type_id_seq
    START WITH 1
    INCREMENT BY 1
    NO MINVALUE
    NO MAXVALUE
    CACHE 1
);


--
-- Name: django_migrations; Type: TABLE; Schema: public; Owner: postgres
--

CREATE TABLE public.django_migrations (
    id bigint NOT NULL,
    app character varying(255) NOT NULL,
    name character varying(255) NOT NULL,
    applied timestamp with time zone NOT NULL
);


ALTER TABLE public.django_migrations OWNER TO postgres;

--
-- Name: django_migrations_id_seq; Type: SEQUENCE; Schema: public; Owner: postgres
--

ALTER TABLE public.django_migrations ALTER COLUMN id ADD GENERATED BY DEFAULT AS IDENTITY (
    SEQUENCE NAME public.django_migrations_id_seq
    START WITH 1
    INCREMENT BY 1
    NO MINVALUE
    NO MAXVALUE
    CACHE 1
);


--
-- Name: django_session; Type: TABLE; Schema: public; Owner: postgres
--

CREATE TABLE public.django_session (
    session_key character varying(40) NOT NULL,
    session_data text NOT NULL,
    expire_date timestamp with time zone NOT NULL
);


ALTER TABLE public.django_session OWNER TO postgres;

--
-- Name: enrolled_to; Type: TABLE; Schema: public; Owner: postgres
--

CREATE TABLE public.enrolled_to (
    course_id character varying(20) NOT NULL,
    student_id character varying(20) NOT NULL,
    exam_score numeric,
    project_score numeric,
    form_date date,
    enrolled_to_id character varying(20) NOT NULL,
    enrollment_date date NOT NULL
);


ALTER TABLE public.enrolled_to OWNER TO postgres;

--
-- Name: evaluation_support; Type: TABLE; Schema: public; Owner: postgres
--

CREATE TABLE public.evaluation_support (
    evaluation_support_id character varying(20) NOT NULL,
    course_id character varying(20) NOT NULL,
    evaluation_supp_exer character varying(100) NOT NULL,
    evaluation_sup_cor_link character varying(100) NOT NULL
);


ALTER TABLE public.evaluation_support OWNER TO postgres;

--
-- Name: instructors; Type: TABLE; Schema: public; Owner: postgres
--

CREATE TABLE public.instructors (
    instructor_id character varying(20) NOT NULL,
    instructor_first_name character varying(30) NOT NULL,
    instructor_last_name character varying(30) NOT NULL,
    instructor_email character varying(50) NOT NULL,
    instructor_phone_number character varying(30) NOT NULL,
    instructor_bio text NOT NULL,
    instructor_speciality character varying(100) NOT NULL,
    instructor_profile_image character varying(100) NOT NULL
);


ALTER TABLE public.instructors OWNER TO postgres;

--
-- Name: lessons; Type: TABLE; Schema: public; Owner: postgres
--

CREATE TABLE public.lessons (
    lesson_id character varying(20) NOT NULL,
    course_id character varying(20) NOT NULL,
    lesson_title character varying(100) NOT NULL,
    lesson_description character varying(250) NOT NULL,
    lesson_video_link character varying(100) NOT NULL,
    quiz_questions_link character varying(100),
    quiz_correction_link character varying(100),
    quiz_time smallint,
    assignment_exercises_link character varying(100),
    assignment_correction_link character varying(100)
);


ALTER TABLE public.lessons OWNER TO postgres;

--
-- Name: reviews; Type: TABLE; Schema: public; Owner: postgres
--

CREATE TABLE public.reviews (
    review_id character varying(20) NOT NULL,
    course_id character varying(20) NOT NULL,
    student_id character varying(20) NOT NULL,
    review_rating numeric NOT NULL,
    review_comment character varying(500) NOT NULL,
    review_date date NOT NULL
);


ALTER TABLE public.reviews OWNER TO postgres;

--
-- Name: student; Type: TABLE; Schema: public; Owner: postgres
--

CREATE TABLE public.student (
    student_id character varying(20) NOT NULL,
    student_first_name character varying(50) NOT NULL,
    student_last_name character varying(50) NOT NULL,
    student_age smallint NOT NULL,
    student_sex character varying(40) NOT NULL,
    student_country character varying(50) NOT NULL,
    student_city character varying(50) NOT NULL,
    student_phone_number character varying(20) NOT NULL,
    student_email character varying(40) NOT NULL,
    student_course_level character varying(10) NOT NULL,
    profile_image character varying(100)
);


ALTER TABLE public.student OWNER TO postgres;

--
-- Name: student_payments; Type: TABLE; Schema: public; Owner: postgres
--

CREATE TABLE public.student_payments (
    payment_id character varying(20) NOT NULL,
    course_id character varying(20) NOT NULL,
    student_id character varying(20) NOT NULL,
    payment_amount money NOT NULL,
    payment_status character varying(20) NOT NULL,
    payment_details character varying(50) NOT NULL,
    payment_date date NOT NULL
);


ALTER TABLE public.student_payments OWNER TO postgres;

--
-- Name: take_lesson; Type: TABLE; Schema: public; Owner: postgres
--

CREATE TABLE public.take_lesson (
    lesson_id character varying(20) NOT NULL,
    student_id character varying(20) NOT NULL,
    quiz_score numeric,
    assignment_score numeric,
    take_lesson_id character varying(20) NOT NULL
);


ALTER TABLE public.take_lesson OWNER TO postgres;

--
-- Name: teach; Type: TABLE; Schema: public; Owner: postgres
--

CREATE TABLE public.teach (
    instructor_id character varying(20) NOT NULL,
    course_id character varying(20) NOT NULL,
    teach_id character varying(20) NOT NULL
);


ALTER TABLE public.teach OWNER TO postgres;

--
-- Data for Name: auth_group; Type: TABLE DATA; Schema: public; Owner: postgres
--

COPY public.auth_group (id, name) FROM stdin;
\.


--
-- Data for Name: auth_group_permissions; Type: TABLE DATA; Schema: public; Owner: postgres
--

COPY public.auth_group_permissions (id, group_id, permission_id) FROM stdin;
\.


--
-- Data for Name: auth_permission; Type: TABLE DATA; Schema: public; Owner: postgres
--

COPY public.auth_permission (id, name, content_type_id, codename) FROM stdin;
1	Can add log entry	1	add_logentry
2	Can change log entry	1	change_logentry
3	Can delete log entry	1	delete_logentry
4	Can view log entry	1	view_logentry
5	Can add permission	2	add_permission
6	Can change permission	2	change_permission
7	Can delete permission	2	delete_permission
8	Can view permission	2	view_permission
9	Can add group	3	add_group
10	Can change group	3	change_group
11	Can delete group	3	delete_group
12	Can view group	3	view_group
13	Can add user	4	add_user
14	Can change user	4	change_user
15	Can delete user	4	delete_user
16	Can view user	4	view_user
17	Can add content type	5	add_contenttype
18	Can change content type	5	change_contenttype
19	Can delete content type	5	delete_contenttype
20	Can view content type	5	view_contenttype
21	Can add session	6	add_session
22	Can change session	6	change_session
23	Can delete session	6	delete_session
24	Can view session	6	view_session
25	Can add instructor	7	add_instructor
26	Can change instructor	7	change_instructor
27	Can delete instructor	7	delete_instructor
28	Can view instructor	7	view_instructor
29	Can add comment	9	add_comment
30	Can change comment	9	change_comment
31	Can delete comment	9	delete_comment
32	Can view comment	9	view_comment
33	Can add course price change	10	add_coursepricechange
34	Can change course price change	10	change_coursepricechange
35	Can delete course price change	10	delete_coursepricechange
36	Can view course price change	10	view_coursepricechange
37	Can add evaluation support	11	add_evaluationsupport
38	Can change evaluation support	11	change_evaluationsupport
39	Can delete evaluation support	11	delete_evaluationsupport
40	Can view evaluation support	11	view_evaluationsupport
41	Can add lesson	12	add_lesson
42	Can change lesson	12	change_lesson
43	Can delete lesson	12	delete_lesson
44	Can view lesson	12	view_lesson
45	Can add review	13	add_review
46	Can change review	13	change_review
47	Can delete review	13	delete_review
48	Can view review	13	view_review
49	Can add student	14	add_student
50	Can change student	14	change_student
51	Can delete student	14	delete_student
52	Can view student	14	view_student
53	Can add student payment	15	add_studentpayment
54	Can change student payment	15	change_studentpayment
55	Can delete student payment	15	delete_studentpayment
56	Can view student payment	15	view_studentpayment
57	Can add take lesson	16	add_takelesson
58	Can change take lesson	16	change_takelesson
59	Can delete take lesson	16	delete_takelesson
60	Can view take lesson	16	view_takelesson
61	Can add teach	17	add_teach
62	Can change teach	17	change_teach
63	Can delete teach	17	delete_teach
64	Can view teach	17	view_teach
65	Can add course	8	add_course
66	Can change course	8	change_course
67	Can delete course	8	delete_course
68	Can view course	8	view_course
69	Can add enrolled to	18	add_enrolledto
70	Can change enrolled to	18	change_enrolledto
71	Can delete enrolled to	18	delete_enrolledto
72	Can view enrolled to	18	view_enrolledto
\.


--
-- Data for Name: auth_user; Type: TABLE DATA; Schema: public; Owner: postgres
--

COPY public.auth_user (id, password, last_login, is_superuser, username, first_name, last_name, email, is_staff, is_active, date_joined) FROM stdin;
1	pbkdf2_sha256$600000$BVzfDvy1i7kTV4kHkSg9jt$cqpBRfyhw0nrndZI6EvLK67RKi6llRfg7NRChx+mrfo=	2023-12-05 06:27:00.782873+00	t	innovatics			innovaticslab2000@gmail.com	t	t	2023-11-29 08:24:02.873306+00
\.


--
-- Data for Name: auth_user_groups; Type: TABLE DATA; Schema: public; Owner: postgres
--

COPY public.auth_user_groups (id, user_id, group_id) FROM stdin;
\.


--
-- Data for Name: auth_user_user_permissions; Type: TABLE DATA; Schema: public; Owner: postgres
--

COPY public.auth_user_user_permissions (id, user_id, permission_id) FROM stdin;
\.


--
-- Data for Name: comments; Type: TABLE DATA; Schema: public; Owner: postgres
--

COPY public.comments (comment_id, student_id, id_commented_resource, comment_text) FROM stdin;
\.


--
-- Data for Name: course; Type: TABLE DATA; Schema: public; Owner: postgres
--

COPY public.course (course_id, course_title, course_description, course_level, course_start_date, course_weeks_nbr, course_sessions_nbr, course_price, course_score_threshold, course_exam_exercises_link, course_exam_correction_link, project_content_link, form_link) FROM stdin;
cour1	Python level1	python level one is for everyone	1	2023-12-29	8	16	$50.00	0.83	\N	\N	\N	\N
cour2	python for data science	data science and python are great	L4	2024-01-17	16	32	$100.00	0.91	\N	\N	\N	\N
\.


--
-- Data for Name: course_price_changes; Type: TABLE DATA; Schema: public; Owner: postgres
--

COPY public.course_price_changes (course_price_change_id, course_id, change_percentage, start_date, end_date) FROM stdin;
courpc1	cour1	1.1	2023-12-05	2024-01-01
\.


--
-- Data for Name: django_admin_log; Type: TABLE DATA; Schema: public; Owner: postgres
--

COPY public.django_admin_log (id, action_time, object_id, object_repr, action_flag, change_message, content_type_id, user_id) FROM stdin;
1	2023-11-29 08:32:09.367607+00	1	Instructor object (1)	1	[{"added": {}}]	7	1
2	2023-11-29 08:34:08.602806+00	1	Instructor object (1)	2	[]	7	1
3	2023-11-29 08:36:40.300508+00	2	Instructor object (2)	1	[{"added": {}}]	7	1
4	2023-11-29 17:02:21.646398+00	inst1	Instructor object (inst1)	1	[{"added": {}}]	7	1
5	2023-11-29 17:03:00.709454+00	inst2	Instructor object (inst2)	1	[{"added": {}}]	7	1
6	2023-11-29 17:22:45.019534+00	inst1	Instructor object (inst1)	1	[{"added": {}}]	7	1
7	2023-11-30 07:03:24.561977+00	inst1	Instructor object (inst1)	1	[{"added": {}}]	7	1
8	2023-11-30 07:15:46.017883+00	inst1	Instructor object (inst1)	1	[{"added": {}}]	7	1
9	2023-11-30 07:22:06.13367+00	inst1	Instructor object (inst1)	1	[{"added": {}}]	7	1
10	2023-11-30 07:50:24.599985+00	inst2	Instructor object (inst2)	1	[{"added": {}}]	7	1
11	2023-11-30 07:51:17.390764+00	inst3	Instructor object (inst3)	1	[{"added": {}}]	7	1
12	2023-11-30 07:54:32.336389+00	inst1	Instructor object (inst1)	1	[{"added": {}}]	7	1
13	2023-11-30 07:54:55.476249+00	inst2	Instructor object (inst2)	1	[{"added": {}}]	7	1
14	2023-11-30 07:55:16.440168+00	inst3	Instructor object (inst3)	1	[{"added": {}}]	7	1
15	2023-11-30 09:25:29.065143+00	inst4	Instructor object (inst4)	1	[{"added": {}}]	7	1
16	2023-11-30 11:49:01.490469+00	cour1	Course object (cour1)	1	[{"added": {}}]	8	1
17	2023-12-01 07:05:27.725093+00	c1	Course object (c1)	3		8	1
18	2023-12-01 07:07:21.199719+00	c2	Course object (c2)	3		8	1
19	2023-12-01 07:14:16.210878+00	cour2	Course object (cour2)	1	[{"added": {}}]	8	1
20	2023-12-01 07:14:29.748162+00	inst1	Teach object (inst1)	1	[{"added": {}}]	17	1
21	2023-12-01 08:01:06.024606+00	teach1	Teach object (teach1)	1	[{"added": {}}]	17	1
22	2023-12-01 08:01:21.095659+00	teach2	Teach object (teach2)	1	[{"added": {}}]	17	1
23	2023-12-01 08:01:48.392013+00	teach3	Teach object (teach3)	1	[{"added": {}}]	17	1
24	2023-12-01 08:06:47.126+00	teach2	Teach object (teach2)	3		17	1
25	2023-12-01 08:07:51.822203+00	teach1	Teach object (teach1)	3		17	1
26	2023-12-01 08:11:57.848063+00	teach4	Teach object (teach4)	1	[{"added": {}}]	17	1
27	2023-12-01 08:12:15.441069+00	teach5	Teach object (teach5)	1	[{"added": {}}]	17	1
28	2023-12-01 08:12:30.042106+00	teach6	Teach object (teach6)	1	[{"added": {}}]	17	1
29	2023-12-01 08:14:00.828552+00	inst1	Instructor object (inst1)	3		7	1
30	2023-12-01 08:23:10.941946+00	stud1	Student object (stud1)	1	[{"added": {}}]	14	1
31	2023-12-01 08:24:51.973699+00	stud2	Student object (stud2)	1	[{"added": {}}]	14	1
32	2023-12-01 08:25:16.783418+00	enrol1	EnrolledTo object (enrol1)	1	[{"added": {}}]	18	1
33	2023-12-01 08:25:30.972106+00	enrol2	EnrolledTo object (enrol2)	1	[{"added": {}}]	18	1
34	2023-12-01 08:25:45.522177+00	enrol3	EnrolledTo object (enrol3)	1	[{"added": {}}]	18	1
35	2023-12-01 21:11:10.339322+00	stud3	Student object (stud3)	1	[{"added": {}}]	14	1
36	2023-12-01 21:13:32.496026+00	stud4	Student object (stud4)	1	[{"added": {}}]	14	1
37	2023-12-04 09:47:12.489908+00	stud5	Student object (stud5)	1	[{"added": {}}]	14	1
38	2023-12-05 06:48:38.002652+00	less1	Lesson object (less1)	1	[{"added": {}}]	12	1
39	2023-12-05 06:49:26.236329+00	less2	Lesson object (less2)	1	[{"added": {}}]	12	1
40	2023-12-05 06:54:20.666146+00	tak_less1	TakeLesson object (tak_less1)	1	[{"added": {}}]	16	1
41	2023-12-05 06:57:07.123597+00	stud1	Student object (stud1)	3		14	1
42	2023-12-05 06:59:52.494897+00	rev1	Review object (rev1)	1	[{"added": {}}]	13	1
43	2023-12-05 07:16:16.707904+00	enrol2	EnrolledTo object (enrol2)	3		18	1
44	2023-12-05 07:17:47.938222+00	enrol1	EnrolledTo object (enrol1)	1	[{"added": {}}]	18	1
45	2023-12-05 07:20:08.290376+00	rev2	Review object (rev2)	1	[{"added": {}}]	13	1
46	2023-12-05 07:37:41.788795+00	pay1	StudentPayment object (pay1)	1	[{"added": {}}]	15	1
47	2023-12-05 07:49:24.385044+00	courpc1	CoursePriceChange object (courpc1)	1	[{"added": {}}]	10	1
48	2023-12-05 07:57:37.769386+00	eva_sup1	EvaluationSupport object (eva_sup1)	1	[{"added": {}}]	11	1
\.


--
-- Data for Name: django_content_type; Type: TABLE DATA; Schema: public; Owner: postgres
--

COPY public.django_content_type (id, app_label, model) FROM stdin;
1	admin	logentry
2	auth	permission
3	auth	group
4	auth	user
5	contenttypes	contenttype
6	sessions	session
7	elearning	instructor
8	elearning	course
9	elearning	comment
10	elearning	coursepricechange
11	elearning	evaluationsupport
12	elearning	lesson
13	elearning	review
14	elearning	student
15	elearning	studentpayment
16	elearning	takelesson
17	elearning	teach
18	elearning	enrolledto
\.


--
-- Data for Name: django_migrations; Type: TABLE DATA; Schema: public; Owner: postgres
--

COPY public.django_migrations (id, app, name, applied) FROM stdin;
1	contenttypes	0001_initial	2023-11-29 08:06:47.470608+00
2	auth	0001_initial	2023-11-29 08:06:47.676696+00
3	admin	0001_initial	2023-11-29 08:06:47.731653+00
4	admin	0002_logentry_remove_auto_add	2023-11-29 08:06:47.741622+00
5	admin	0003_logentry_add_action_flag_choices	2023-11-29 08:06:47.749601+00
6	contenttypes	0002_remove_content_type_name	2023-11-29 08:06:47.7626+00
7	auth	0002_alter_permission_name_max_length	2023-11-29 08:06:47.77157+00
8	auth	0003_alter_user_email_max_length	2023-11-29 08:06:47.792516+00
9	auth	0004_alter_user_username_opts	2023-11-29 08:06:47.799468+00
10	auth	0005_alter_user_last_login_null	2023-11-29 08:06:47.807446+00
11	auth	0006_require_contenttypes_0002	2023-11-29 08:06:47.809441+00
12	auth	0007_alter_validators_add_error_messages	2023-11-29 08:06:47.815789+00
13	auth	0008_alter_user_username_max_length	2023-11-29 08:06:47.835695+00
14	auth	0009_alter_user_last_name_max_length	2023-11-29 08:06:47.842676+00
15	auth	0010_alter_group_name_max_length	2023-11-29 08:06:47.850653+00
16	auth	0011_update_proxy_permissions	2023-11-29 08:06:47.857632+00
17	auth	0012_alter_user_first_name_max_length	2023-11-29 08:06:47.866586+00
18	sessions	0001_initial	2023-11-29 08:06:47.920329+00
19	elearning	0001_initial	2023-11-29 08:27:42.545853+00
20	elearning	0002_comment_course_coursepricechange_evaluationsupport_and_more	2023-11-30 16:22:59.968205+00
\.


--
-- Data for Name: django_session; Type: TABLE DATA; Schema: public; Owner: postgres
--

COPY public.django_session (session_key, session_data, expire_date) FROM stdin;
av06jnzkco2ihtb7wirlyg9r94zc5uti	.eJxVjEEOwiAQRe_C2hCGlgFduu8ZCMOAVA0kpV0Z765NutDtf-_9l_BhW4vfelr8zOIiQJx-NwrxkeoO-B7qrcnY6rrMJHdFHrTLqXF6Xg_376CEXr61ooyGlHE2cnaJiSEiQ2btOPBwtkiIJoBO2Q4waqbBIpKDUUEGVOL9AQPNN_s:1r8FvO:RMNctQNg_bd54Q2BlQjr2FECH3OuwpYknKLQiEOW-sQ	2023-12-13 08:28:02.949062+00
uzvyqxvaraxxnr8iuzwuc6n3mz7h7v96	.eJxVjEEOwiAQRe_C2hCGlgFduu8ZCMOAVA0kpV0Z765NutDtf-_9l_BhW4vfelr8zOIiQJx-NwrxkeoO-B7qrcnY6rrMJHdFHrTLqXF6Xg_376CEXr61ooyGlHE2cnaJiSEiQ2btOPBwtkiIJoBO2Q4waqbBIpKDUUEGVOL9AQPNN_s:1rA5Wj:Qn7pS1WNkxqpvSgoyJm6mJgJHNs10wpzqfIOsQ2j-vo	2023-12-18 09:46:09.182162+00
gon8yg5v0s4knut3me8kz5qv8k677jjm	.eJxVjEEOwiAQRe_C2hCGlgFduu8ZCMOAVA0kpV0Z765NutDtf-_9l_BhW4vfelr8zOIiQJx-NwrxkeoO-B7qrcnY6rrMJHdFHrTLqXF6Xg_376CEXr61ooyGlHE2cnaJiSEiQ2btOPBwtkiIJoBO2Q4waqbBIpKDUUEGVOL9AQPNN_s:1rA7Ah:KV6YMANyBho59yHNf8TKJwJiqfs95xAt_RnXqkaaAgU	2023-12-18 11:31:31.25359+00
bclj1obyxfn2byacsjzmwjtgc4les8us	.eJxVjEEOwiAQRe_C2hCGlgFduu8ZCMOAVA0kpV0Z765NutDtf-_9l_BhW4vfelr8zOIiQJx-NwrxkeoO-B7qrcnY6rrMJHdFHrTLqXF6Xg_376CEXr61ooyGlHE2cnaJiSEiQ2btOPBwtkiIJoBO2Q4waqbBIpKDUUEGVOL9AQPNN_s:1rAGst:UYNLzBHikCcGX_kIXXKFT-fVj7n_F29EvHciGgzHACk	2023-12-18 21:53:47.63997+00
z8owu90vx146efbkatc2i5ejookde6gy	.eJxVjEEOwiAQRe_C2hCGlgFduu8ZCMOAVA0kpV0Z765NutDtf-_9l_BhW4vfelr8zOIiQJx-NwrxkeoO-B7qrcnY6rrMJHdFHrTLqXF6Xg_376CEXr61ooyGlHE2cnaJiSEiQ2btOPBwtkiIJoBO2Q4waqbBIpKDUUEGVOL9AQPNN_s:1rAOtY:WfjGsjpMguUuHQDu87grz9wNuhUReEDj9abJpOTyWg8	2023-12-19 06:27:00.789788+00
\.


--
-- Data for Name: enrolled_to; Type: TABLE DATA; Schema: public; Owner: postgres
--

COPY public.enrolled_to (course_id, student_id, exam_score, project_score, form_date, enrolled_to_id, enrollment_date) FROM stdin;
cour2	stud2	\N	\N	\N	enrol1	2023-12-05
\.


--
-- Data for Name: evaluation_support; Type: TABLE DATA; Schema: public; Owner: postgres
--

COPY public.evaluation_support (evaluation_support_id, course_id, evaluation_supp_exer, evaluation_sup_cor_link) FROM stdin;
eva_sup1	cour2	google.com	google.com
\.


--
-- Data for Name: instructors; Type: TABLE DATA; Schema: public; Owner: postgres
--

COPY public.instructors (instructor_id, instructor_first_name, instructor_last_name, instructor_email, instructor_phone_number, instructor_bio, instructor_speciality, instructor_profile_image) FROM stdin;
inst2	Ibrahim	Ouali	example@gmail.com	06111111	b	math	elearning/images/instructor_img_profile/Activation_function_Logo.png
inst3	Ali	ben ali	example@gmail.com	063333333333	bb	math	elearning/images/instructor_img_profile/289494981_1065434931053293_8706312895338576436_n_HyN1unj.jpg
inst4	Aicha	Haddou	example@gmail.com	063333333333	bio	math	elearning/images/instructor_img_profile/Activation_function_Logo_uL2j4V6.png
\.


--
-- Data for Name: lessons; Type: TABLE DATA; Schema: public; Owner: postgres
--

COPY public.lessons (lesson_id, course_id, lesson_title, lesson_description, lesson_video_link, quiz_questions_link, quiz_correction_link, quiz_time, assignment_exercises_link, assignment_correction_link) FROM stdin;
less1	cour1	Variables in python	Python has no command for declaring a variable.  A variable is created the moment you first assign a value to it.	https://www.w3schools.com/python/python_variables.asp	\N	\N	\N	\N	\N
less2	cour2	Condition statements	condition statements if elif else	https://www.w3schools.com/python/python_variables.asp	\N	\N	\N	\N	\N
\.


--
-- Data for Name: reviews; Type: TABLE DATA; Schema: public; Owner: postgres
--

COPY public.reviews (review_id, course_id, student_id, review_rating, review_comment, review_date) FROM stdin;
rev1	cour2	stud2	4.6	Great course, I recommend it	2023-12-05
rev2	cour1	stud3	3.5	Not bad	2023-12-05
\.


--
-- Data for Name: student; Type: TABLE DATA; Schema: public; Owner: postgres
--

COPY public.student (student_id, student_first_name, student_last_name, student_age, student_sex, student_country, student_city, student_phone_number, student_email, student_course_level, profile_image) FROM stdin;
stud2	Fatima	Ahmadi	16	F	Morocco	Midelt	0622222222	fatima@gmail.com	L1	elearning/images/student_img_profile/289494981_1065434931053293_8706312895338576436_n.jpg
stud3	Hamid	Ben Hsayn	18	M	Morocco	Midelt	0622222222	hamid@gmail.com	L1	elearning/images/student_img_profile/Activation_function_Logo.png
stud4	Mohamed	Ibrahim	20	M	Egypt	Cairo	0622222222	example@gmail.com	L1	elearning/images/student_img_profile/Activation_function_Logo_2VXxeKj.png
stud5	adam	acher	4	M	Morocco	Tounfite	06222222	acherdata@gmail.com	l1	elearning/images/student_img_profile/black_history.png
\.


--
-- Data for Name: student_payments; Type: TABLE DATA; Schema: public; Owner: postgres
--

COPY public.student_payments (payment_id, course_id, student_id, payment_amount, payment_status, payment_details, payment_date) FROM stdin;
pay1	cour1	stud2	$50.00	Processing	5263214521525236	2023-12-05
\.


--
-- Data for Name: take_lesson; Type: TABLE DATA; Schema: public; Owner: postgres
--

COPY public.take_lesson (lesson_id, student_id, quiz_score, assignment_score, take_lesson_id) FROM stdin;
\.


--
-- Data for Name: teach; Type: TABLE DATA; Schema: public; Owner: postgres
--

COPY public.teach (instructor_id, course_id, teach_id) FROM stdin;
inst2	cour1	teach3
inst2	cour2	teach6
\.


--
-- Name: auth_group_id_seq; Type: SEQUENCE SET; Schema: public; Owner: postgres
--

SELECT pg_catalog.setval('public.auth_group_id_seq', 1, false);


--
-- Name: auth_group_permissions_id_seq; Type: SEQUENCE SET; Schema: public; Owner: postgres
--

SELECT pg_catalog.setval('public.auth_group_permissions_id_seq', 1, false);


--
-- Name: auth_permission_id_seq; Type: SEQUENCE SET; Schema: public; Owner: postgres
--

SELECT pg_catalog.setval('public.auth_permission_id_seq', 72, true);


--
-- Name: auth_user_groups_id_seq; Type: SEQUENCE SET; Schema: public; Owner: postgres
--

SELECT pg_catalog.setval('public.auth_user_groups_id_seq', 1, false);


--
-- Name: auth_user_id_seq; Type: SEQUENCE SET; Schema: public; Owner: postgres
--

SELECT pg_catalog.setval('public.auth_user_id_seq', 1, true);


--
-- Name: auth_user_user_permissions_id_seq; Type: SEQUENCE SET; Schema: public; Owner: postgres
--

SELECT pg_catalog.setval('public.auth_user_user_permissions_id_seq', 1, false);


--
-- Name: django_admin_log_id_seq; Type: SEQUENCE SET; Schema: public; Owner: postgres
--

SELECT pg_catalog.setval('public.django_admin_log_id_seq', 48, true);


--
-- Name: django_content_type_id_seq; Type: SEQUENCE SET; Schema: public; Owner: postgres
--

SELECT pg_catalog.setval('public.django_content_type_id_seq', 18, true);


--
-- Name: django_migrations_id_seq; Type: SEQUENCE SET; Schema: public; Owner: postgres
--

SELECT pg_catalog.setval('public.django_migrations_id_seq', 20, true);


--
-- Name: auth_group auth_group_name_key; Type: CONSTRAINT; Schema: public; Owner: postgres
--

ALTER TABLE ONLY public.auth_group
    ADD CONSTRAINT auth_group_name_key UNIQUE (name);


--
-- Name: auth_group_permissions auth_group_permissions_group_id_permission_id_0cd325b0_uniq; Type: CONSTRAINT; Schema: public; Owner: postgres
--

ALTER TABLE ONLY public.auth_group_permissions
    ADD CONSTRAINT auth_group_permissions_group_id_permission_id_0cd325b0_uniq UNIQUE (group_id, permission_id);


--
-- Name: auth_group_permissions auth_group_permissions_pkey; Type: CONSTRAINT; Schema: public; Owner: postgres
--

ALTER TABLE ONLY public.auth_group_permissions
    ADD CONSTRAINT auth_group_permissions_pkey PRIMARY KEY (id);


--
-- Name: auth_group auth_group_pkey; Type: CONSTRAINT; Schema: public; Owner: postgres
--

ALTER TABLE ONLY public.auth_group
    ADD CONSTRAINT auth_group_pkey PRIMARY KEY (id);


--
-- Name: auth_permission auth_permission_content_type_id_codename_01ab375a_uniq; Type: CONSTRAINT; Schema: public; Owner: postgres
--

ALTER TABLE ONLY public.auth_permission
    ADD CONSTRAINT auth_permission_content_type_id_codename_01ab375a_uniq UNIQUE (content_type_id, codename);


--
-- Name: auth_permission auth_permission_pkey; Type: CONSTRAINT; Schema: public; Owner: postgres
--

ALTER TABLE ONLY public.auth_permission
    ADD CONSTRAINT auth_permission_pkey PRIMARY KEY (id);


--
-- Name: auth_user_groups auth_user_groups_pkey; Type: CONSTRAINT; Schema: public; Owner: postgres
--

ALTER TABLE ONLY public.auth_user_groups
    ADD CONSTRAINT auth_user_groups_pkey PRIMARY KEY (id);


--
-- Name: auth_user_groups auth_user_groups_user_id_group_id_94350c0c_uniq; Type: CONSTRAINT; Schema: public; Owner: postgres
--

ALTER TABLE ONLY public.auth_user_groups
    ADD CONSTRAINT auth_user_groups_user_id_group_id_94350c0c_uniq UNIQUE (user_id, group_id);


--
-- Name: auth_user auth_user_pkey; Type: CONSTRAINT; Schema: public; Owner: postgres
--

ALTER TABLE ONLY public.auth_user
    ADD CONSTRAINT auth_user_pkey PRIMARY KEY (id);


--
-- Name: auth_user_user_permissions auth_user_user_permissions_pkey; Type: CONSTRAINT; Schema: public; Owner: postgres
--

ALTER TABLE ONLY public.auth_user_user_permissions
    ADD CONSTRAINT auth_user_user_permissions_pkey PRIMARY KEY (id);


--
-- Name: auth_user_user_permissions auth_user_user_permissions_user_id_permission_id_14a6b632_uniq; Type: CONSTRAINT; Schema: public; Owner: postgres
--

ALTER TABLE ONLY public.auth_user_user_permissions
    ADD CONSTRAINT auth_user_user_permissions_user_id_permission_id_14a6b632_uniq UNIQUE (user_id, permission_id);


--
-- Name: auth_user auth_user_username_key; Type: CONSTRAINT; Schema: public; Owner: postgres
--

ALTER TABLE ONLY public.auth_user
    ADD CONSTRAINT auth_user_username_key UNIQUE (username);


--
-- Name: django_admin_log django_admin_log_pkey; Type: CONSTRAINT; Schema: public; Owner: postgres
--

ALTER TABLE ONLY public.django_admin_log
    ADD CONSTRAINT django_admin_log_pkey PRIMARY KEY (id);


--
-- Name: django_content_type django_content_type_app_label_model_76bd3d3b_uniq; Type: CONSTRAINT; Schema: public; Owner: postgres
--

ALTER TABLE ONLY public.django_content_type
    ADD CONSTRAINT django_content_type_app_label_model_76bd3d3b_uniq UNIQUE (app_label, model);


--
-- Name: django_content_type django_content_type_pkey; Type: CONSTRAINT; Schema: public; Owner: postgres
--

ALTER TABLE ONLY public.django_content_type
    ADD CONSTRAINT django_content_type_pkey PRIMARY KEY (id);


--
-- Name: django_migrations django_migrations_pkey; Type: CONSTRAINT; Schema: public; Owner: postgres
--

ALTER TABLE ONLY public.django_migrations
    ADD CONSTRAINT django_migrations_pkey PRIMARY KEY (id);


--
-- Name: django_session django_session_pkey; Type: CONSTRAINT; Schema: public; Owner: postgres
--

ALTER TABLE ONLY public.django_session
    ADD CONSTRAINT django_session_pkey PRIMARY KEY (session_key);


--
-- Name: comments pk_comments; Type: CONSTRAINT; Schema: public; Owner: postgres
--

ALTER TABLE ONLY public.comments
    ADD CONSTRAINT pk_comments PRIMARY KEY (comment_id);


--
-- Name: course pk_course; Type: CONSTRAINT; Schema: public; Owner: postgres
--

ALTER TABLE ONLY public.course
    ADD CONSTRAINT pk_course PRIMARY KEY (course_id);


--
-- Name: course_price_changes pk_course_price_changes; Type: CONSTRAINT; Schema: public; Owner: postgres
--

ALTER TABLE ONLY public.course_price_changes
    ADD CONSTRAINT pk_course_price_changes PRIMARY KEY (course_price_change_id);


--
-- Name: enrolled_to pk_enrolled_to; Type: CONSTRAINT; Schema: public; Owner: postgres
--

ALTER TABLE ONLY public.enrolled_to
    ADD CONSTRAINT pk_enrolled_to PRIMARY KEY (course_id, student_id);


--
-- Name: evaluation_support pk_evaluation_support; Type: CONSTRAINT; Schema: public; Owner: postgres
--

ALTER TABLE ONLY public.evaluation_support
    ADD CONSTRAINT pk_evaluation_support PRIMARY KEY (evaluation_support_id);


--
-- Name: instructors pk_instructors; Type: CONSTRAINT; Schema: public; Owner: postgres
--

ALTER TABLE ONLY public.instructors
    ADD CONSTRAINT pk_instructors PRIMARY KEY (instructor_id);


--
-- Name: lessons pk_lessons; Type: CONSTRAINT; Schema: public; Owner: postgres
--

ALTER TABLE ONLY public.lessons
    ADD CONSTRAINT pk_lessons PRIMARY KEY (lesson_id);


--
-- Name: reviews pk_reviews; Type: CONSTRAINT; Schema: public; Owner: postgres
--

ALTER TABLE ONLY public.reviews
    ADD CONSTRAINT pk_reviews PRIMARY KEY (review_id);


--
-- Name: student pk_student; Type: CONSTRAINT; Schema: public; Owner: postgres
--

ALTER TABLE ONLY public.student
    ADD CONSTRAINT pk_student PRIMARY KEY (student_id);


--
-- Name: student_payments pk_student_payments; Type: CONSTRAINT; Schema: public; Owner: postgres
--

ALTER TABLE ONLY public.student_payments
    ADD CONSTRAINT pk_student_payments PRIMARY KEY (payment_id);


--
-- Name: take_lesson pk_take_lesson; Type: CONSTRAINT; Schema: public; Owner: postgres
--

ALTER TABLE ONLY public.take_lesson
    ADD CONSTRAINT pk_take_lesson PRIMARY KEY (lesson_id, student_id);


--
-- Name: teach pk_teach; Type: CONSTRAINT; Schema: public; Owner: postgres
--

ALTER TABLE ONLY public.teach
    ADD CONSTRAINT pk_teach PRIMARY KEY (instructor_id, course_id);


--
-- Name: auth_group_name_a6ea08ec_like; Type: INDEX; Schema: public; Owner: postgres
--

CREATE INDEX auth_group_name_a6ea08ec_like ON public.auth_group USING btree (name varchar_pattern_ops);


--
-- Name: auth_group_permissions_group_id_b120cbf9; Type: INDEX; Schema: public; Owner: postgres
--

CREATE INDEX auth_group_permissions_group_id_b120cbf9 ON public.auth_group_permissions USING btree (group_id);


--
-- Name: auth_group_permissions_permission_id_84c5c92e; Type: INDEX; Schema: public; Owner: postgres
--

CREATE INDEX auth_group_permissions_permission_id_84c5c92e ON public.auth_group_permissions USING btree (permission_id);


--
-- Name: auth_permission_content_type_id_2f476e4b; Type: INDEX; Schema: public; Owner: postgres
--

CREATE INDEX auth_permission_content_type_id_2f476e4b ON public.auth_permission USING btree (content_type_id);


--
-- Name: auth_user_groups_group_id_97559544; Type: INDEX; Schema: public; Owner: postgres
--

CREATE INDEX auth_user_groups_group_id_97559544 ON public.auth_user_groups USING btree (group_id);


--
-- Name: auth_user_groups_user_id_6a12ed8b; Type: INDEX; Schema: public; Owner: postgres
--

CREATE INDEX auth_user_groups_user_id_6a12ed8b ON public.auth_user_groups USING btree (user_id);


--
-- Name: auth_user_user_permissions_permission_id_1fbb5f2c; Type: INDEX; Schema: public; Owner: postgres
--

CREATE INDEX auth_user_user_permissions_permission_id_1fbb5f2c ON public.auth_user_user_permissions USING btree (permission_id);


--
-- Name: auth_user_user_permissions_user_id_a95ead1b; Type: INDEX; Schema: public; Owner: postgres
--

CREATE INDEX auth_user_user_permissions_user_id_a95ead1b ON public.auth_user_user_permissions USING btree (user_id);


--
-- Name: auth_user_username_6821ab7c_like; Type: INDEX; Schema: public; Owner: postgres
--

CREATE INDEX auth_user_username_6821ab7c_like ON public.auth_user USING btree (username varchar_pattern_ops);


--
-- Name: belongs_to_fk; Type: INDEX; Schema: public; Owner: postgres
--

CREATE INDEX belongs_to_fk ON public.lessons USING btree (course_id);


--
-- Name: comment_student_fk; Type: INDEX; Schema: public; Owner: postgres
--

CREATE INDEX comment_student_fk ON public.comments USING btree (student_id);


--
-- Name: comments_pk; Type: INDEX; Schema: public; Owner: postgres
--

CREATE UNIQUE INDEX comments_pk ON public.comments USING btree (comment_id);


--
-- Name: course_pk; Type: INDEX; Schema: public; Owner: postgres
--

CREATE UNIQUE INDEX course_pk ON public.course USING btree (course_id);


--
-- Name: course_price_changes_pk; Type: INDEX; Schema: public; Owner: postgres
--

CREATE UNIQUE INDEX course_price_changes_pk ON public.course_price_changes USING btree (course_price_change_id);


--
-- Name: django_admin_log_content_type_id_c4bce8eb; Type: INDEX; Schema: public; Owner: postgres
--

CREATE INDEX django_admin_log_content_type_id_c4bce8eb ON public.django_admin_log USING btree (content_type_id);


--
-- Name: django_admin_log_user_id_c564eba6; Type: INDEX; Schema: public; Owner: postgres
--

CREATE INDEX django_admin_log_user_id_c564eba6 ON public.django_admin_log USING btree (user_id);


--
-- Name: django_session_expire_date_a5c62663; Type: INDEX; Schema: public; Owner: postgres
--

CREATE INDEX django_session_expire_date_a5c62663 ON public.django_session USING btree (expire_date);


--
-- Name: django_session_session_key_c0390e0f_like; Type: INDEX; Schema: public; Owner: postgres
--

CREATE INDEX django_session_session_key_c0390e0f_like ON public.django_session USING btree (session_key varchar_pattern_ops);


--
-- Name: enrolled_to_pk; Type: INDEX; Schema: public; Owner: postgres
--

CREATE UNIQUE INDEX enrolled_to_pk ON public.enrolled_to USING btree (course_id, student_id);


--
-- Name: evaluation_support_pk; Type: INDEX; Schema: public; Owner: postgres
--

CREATE UNIQUE INDEX evaluation_support_pk ON public.evaluation_support USING btree (evaluation_support_id);


--
-- Name: have_new_price_fk; Type: INDEX; Schema: public; Owner: postgres
--

CREATE INDEX have_new_price_fk ON public.course_price_changes USING btree (course_id);


--
-- Name: instructors_pk; Type: INDEX; Schema: public; Owner: postgres
--

CREATE UNIQUE INDEX instructors_pk ON public.instructors USING btree (instructor_id);


--
-- Name: lessons_pk; Type: INDEX; Schema: public; Owner: postgres
--

CREATE UNIQUE INDEX lessons_pk ON public.lessons USING btree (lesson_id);


--
-- Name: makes_a_payment_fk; Type: INDEX; Schema: public; Owner: postgres
--

CREATE INDEX makes_a_payment_fk ON public.student_payments USING btree (student_id);


--
-- Name: payed_fk; Type: INDEX; Schema: public; Owner: postgres
--

CREATE INDEX payed_fk ON public.student_payments USING btree (course_id);


--
-- Name: review_student_fk; Type: INDEX; Schema: public; Owner: postgres
--

CREATE INDEX review_student_fk ON public.reviews USING btree (student_id);


--
-- Name: reviewed_fk; Type: INDEX; Schema: public; Owner: postgres
--

CREATE INDEX reviewed_fk ON public.reviews USING btree (course_id);


--
-- Name: reviews_pk; Type: INDEX; Schema: public; Owner: postgres
--

CREATE UNIQUE INDEX reviews_pk ON public.reviews USING btree (review_id);


--
-- Name: student_payments_pk; Type: INDEX; Schema: public; Owner: postgres
--

CREATE UNIQUE INDEX student_payments_pk ON public.student_payments USING btree (payment_id);


--
-- Name: student_pk; Type: INDEX; Schema: public; Owner: postgres
--

CREATE UNIQUE INDEX student_pk ON public.student USING btree (student_id);


--
-- Name: support_course_fk; Type: INDEX; Schema: public; Owner: postgres
--

CREATE INDEX support_course_fk ON public.evaluation_support USING btree (course_id);


--
-- Name: take_lesson_pk; Type: INDEX; Schema: public; Owner: postgres
--

CREATE UNIQUE INDEX take_lesson_pk ON public.take_lesson USING btree (lesson_id, student_id);


--
-- Name: teach_pk; Type: INDEX; Schema: public; Owner: postgres
--

CREATE UNIQUE INDEX teach_pk ON public.teach USING btree (instructor_id, course_id);


--
-- Name: auth_group_permissions auth_group_permissio_permission_id_84c5c92e_fk_auth_perm; Type: FK CONSTRAINT; Schema: public; Owner: postgres
--

ALTER TABLE ONLY public.auth_group_permissions
    ADD CONSTRAINT auth_group_permissio_permission_id_84c5c92e_fk_auth_perm FOREIGN KEY (permission_id) REFERENCES public.auth_permission(id) DEFERRABLE INITIALLY DEFERRED;


--
-- Name: auth_group_permissions auth_group_permissions_group_id_b120cbf9_fk_auth_group_id; Type: FK CONSTRAINT; Schema: public; Owner: postgres
--

ALTER TABLE ONLY public.auth_group_permissions
    ADD CONSTRAINT auth_group_permissions_group_id_b120cbf9_fk_auth_group_id FOREIGN KEY (group_id) REFERENCES public.auth_group(id) DEFERRABLE INITIALLY DEFERRED;


--
-- Name: auth_permission auth_permission_content_type_id_2f476e4b_fk_django_co; Type: FK CONSTRAINT; Schema: public; Owner: postgres
--

ALTER TABLE ONLY public.auth_permission
    ADD CONSTRAINT auth_permission_content_type_id_2f476e4b_fk_django_co FOREIGN KEY (content_type_id) REFERENCES public.django_content_type(id) DEFERRABLE INITIALLY DEFERRED;


--
-- Name: auth_user_groups auth_user_groups_group_id_97559544_fk_auth_group_id; Type: FK CONSTRAINT; Schema: public; Owner: postgres
--

ALTER TABLE ONLY public.auth_user_groups
    ADD CONSTRAINT auth_user_groups_group_id_97559544_fk_auth_group_id FOREIGN KEY (group_id) REFERENCES public.auth_group(id) DEFERRABLE INITIALLY DEFERRED;


--
-- Name: auth_user_groups auth_user_groups_user_id_6a12ed8b_fk_auth_user_id; Type: FK CONSTRAINT; Schema: public; Owner: postgres
--

ALTER TABLE ONLY public.auth_user_groups
    ADD CONSTRAINT auth_user_groups_user_id_6a12ed8b_fk_auth_user_id FOREIGN KEY (user_id) REFERENCES public.auth_user(id) DEFERRABLE INITIALLY DEFERRED;


--
-- Name: auth_user_user_permissions auth_user_user_permi_permission_id_1fbb5f2c_fk_auth_perm; Type: FK CONSTRAINT; Schema: public; Owner: postgres
--

ALTER TABLE ONLY public.auth_user_user_permissions
    ADD CONSTRAINT auth_user_user_permi_permission_id_1fbb5f2c_fk_auth_perm FOREIGN KEY (permission_id) REFERENCES public.auth_permission(id) DEFERRABLE INITIALLY DEFERRED;


--
-- Name: auth_user_user_permissions auth_user_user_permissions_user_id_a95ead1b_fk_auth_user_id; Type: FK CONSTRAINT; Schema: public; Owner: postgres
--

ALTER TABLE ONLY public.auth_user_user_permissions
    ADD CONSTRAINT auth_user_user_permissions_user_id_a95ead1b_fk_auth_user_id FOREIGN KEY (user_id) REFERENCES public.auth_user(id) DEFERRABLE INITIALLY DEFERRED;


--
-- Name: django_admin_log django_admin_log_content_type_id_c4bce8eb_fk_django_co; Type: FK CONSTRAINT; Schema: public; Owner: postgres
--

ALTER TABLE ONLY public.django_admin_log
    ADD CONSTRAINT django_admin_log_content_type_id_c4bce8eb_fk_django_co FOREIGN KEY (content_type_id) REFERENCES public.django_content_type(id) DEFERRABLE INITIALLY DEFERRED;


--
-- Name: django_admin_log django_admin_log_user_id_c564eba6_fk_auth_user_id; Type: FK CONSTRAINT; Schema: public; Owner: postgres
--

ALTER TABLE ONLY public.django_admin_log
    ADD CONSTRAINT django_admin_log_user_id_c564eba6_fk_auth_user_id FOREIGN KEY (user_id) REFERENCES public.auth_user(id) DEFERRABLE INITIALLY DEFERRED;


--
-- Name: comments fk_comments_comment_s_student; Type: FK CONSTRAINT; Schema: public; Owner: postgres
--

ALTER TABLE ONLY public.comments
    ADD CONSTRAINT fk_comments_comment_s_student FOREIGN KEY (student_id) REFERENCES public.student(student_id) ON UPDATE RESTRICT ON DELETE RESTRICT;


--
-- Name: course_price_changes fk_course_p_have_new__course; Type: FK CONSTRAINT; Schema: public; Owner: postgres
--

ALTER TABLE ONLY public.course_price_changes
    ADD CONSTRAINT fk_course_p_have_new__course FOREIGN KEY (course_id) REFERENCES public.course(course_id) ON UPDATE RESTRICT ON DELETE RESTRICT;


--
-- Name: enrolled_to fk_enrolled_enrolled__course; Type: FK CONSTRAINT; Schema: public; Owner: postgres
--

ALTER TABLE ONLY public.enrolled_to
    ADD CONSTRAINT fk_enrolled_enrolled__course FOREIGN KEY (course_id) REFERENCES public.course(course_id) ON UPDATE RESTRICT ON DELETE RESTRICT;


--
-- Name: enrolled_to fk_enrolled_enrolled__student; Type: FK CONSTRAINT; Schema: public; Owner: postgres
--

ALTER TABLE ONLY public.enrolled_to
    ADD CONSTRAINT fk_enrolled_enrolled__student FOREIGN KEY (student_id) REFERENCES public.student(student_id) ON UPDATE RESTRICT ON DELETE RESTRICT;


--
-- Name: evaluation_support fk_evaluati_support_c_course; Type: FK CONSTRAINT; Schema: public; Owner: postgres
--

ALTER TABLE ONLY public.evaluation_support
    ADD CONSTRAINT fk_evaluati_support_c_course FOREIGN KEY (course_id) REFERENCES public.course(course_id) ON UPDATE RESTRICT ON DELETE RESTRICT;


--
-- Name: lessons fk_lessons_belongs_t_course; Type: FK CONSTRAINT; Schema: public; Owner: postgres
--

ALTER TABLE ONLY public.lessons
    ADD CONSTRAINT fk_lessons_belongs_t_course FOREIGN KEY (course_id) REFERENCES public.course(course_id) ON UPDATE RESTRICT ON DELETE RESTRICT;


--
-- Name: reviews fk_reviews_review_st_student; Type: FK CONSTRAINT; Schema: public; Owner: postgres
--

ALTER TABLE ONLY public.reviews
    ADD CONSTRAINT fk_reviews_review_st_student FOREIGN KEY (student_id) REFERENCES public.student(student_id) ON UPDATE RESTRICT ON DELETE RESTRICT;


--
-- Name: reviews fk_reviews_reviewed_course; Type: FK CONSTRAINT; Schema: public; Owner: postgres
--

ALTER TABLE ONLY public.reviews
    ADD CONSTRAINT fk_reviews_reviewed_course FOREIGN KEY (course_id) REFERENCES public.course(course_id) ON UPDATE RESTRICT ON DELETE RESTRICT;


--
-- Name: student_payments fk_student__makes_a_p_student; Type: FK CONSTRAINT; Schema: public; Owner: postgres
--

ALTER TABLE ONLY public.student_payments
    ADD CONSTRAINT fk_student__makes_a_p_student FOREIGN KEY (student_id) REFERENCES public.student(student_id) ON UPDATE RESTRICT ON DELETE RESTRICT;


--
-- Name: student_payments fk_student__payed_course; Type: FK CONSTRAINT; Schema: public; Owner: postgres
--

ALTER TABLE ONLY public.student_payments
    ADD CONSTRAINT fk_student__payed_course FOREIGN KEY (course_id) REFERENCES public.course(course_id) ON UPDATE RESTRICT ON DELETE RESTRICT;


--
-- Name: take_lesson fk_take_les_take_less_lessons; Type: FK CONSTRAINT; Schema: public; Owner: postgres
--

ALTER TABLE ONLY public.take_lesson
    ADD CONSTRAINT fk_take_les_take_less_lessons FOREIGN KEY (lesson_id) REFERENCES public.lessons(lesson_id) ON UPDATE RESTRICT ON DELETE RESTRICT;


--
-- Name: take_lesson fk_take_les_take_less_student; Type: FK CONSTRAINT; Schema: public; Owner: postgres
--

ALTER TABLE ONLY public.take_lesson
    ADD CONSTRAINT fk_take_les_take_less_student FOREIGN KEY (student_id) REFERENCES public.student(student_id) ON UPDATE RESTRICT ON DELETE RESTRICT;


--
-- Name: teach fk_teach_teach2_instruct; Type: FK CONSTRAINT; Schema: public; Owner: postgres
--

ALTER TABLE ONLY public.teach
    ADD CONSTRAINT fk_teach_teach2_instruct FOREIGN KEY (instructor_id) REFERENCES public.instructors(instructor_id) ON UPDATE RESTRICT ON DELETE RESTRICT;


--
-- Name: teach fk_teach_teach_course; Type: FK CONSTRAINT; Schema: public; Owner: postgres
--

ALTER TABLE ONLY public.teach
    ADD CONSTRAINT fk_teach_teach_course FOREIGN KEY (course_id) REFERENCES public.course(course_id) ON UPDATE RESTRICT ON DELETE RESTRICT;


--
-- PostgreSQL database dump complete
--

